order,kenlm_independent_seconds,stupid_incremental_seconds,stupid_cumulative_seconds
1,0.7575885269999958,9.020777088999921,9.020777088999921
2,2.108448770999999,18.601029064000045,27.621806152999966
3,3.409919101,45.20809880899992,72.82990496199989
4,6.119634052000009,47.42456270399998,120.25446766599987
5,6.814730937999997,51.68389115600007,171.93835882199994
6,10.858458449000011,61.65203537000002,233.59039419199996
7,10.363251287999987,117.09601259299995,350.6864067849999
8,17.599274220000012,92.63959095400014,443.32599773900006
9,22.80540466599996,46.16722495699992,489.493222696
10,70.14048496000004,42.251241687999936,531.7444643839999
