order,valid_ppl,test_ppl,test_nll_nats_per_token
1,1530.4579031993098,1549.5690255322077,7.345732123207031
2,295.6187901517252,293.39708702993113,5.681526937336252
3,205.12418995535683,201.6622042972822,5.306594041666423
4,192.77166670121957,188.79293426877246,5.240650828587214
5,190.39247248357646,186.39374930715925,5.227861367929346
6,189.95417880250656,185.98583706344672,5.225670525993858
7,189.88633650585209,185.87594738413387,5.225079501655744
8,189.90614022192096,185.88503598559979,5.225128396520317
9,189.92878122209225,185.90205256499456,5.22521993589826
10,189.950079517895,185.92483671196328,5.225342488342176
