method,order,positions,top1,top5,mrr
KenLM,1,150,0.02666666666666667,0.22,0.1198477030244742
Stupid Backoff,1,150,0.02666666666666667,0.22,0.1198477030244742
KenLM,2,150,0.17333333333333334,0.37333333333333335,0.27573181332908886
Stupid Backoff,2,150,0.16666666666666666,0.38,0.2715820384259584
KenLM,3,150,0.25333333333333335,0.4866666666666667,0.3606111831657896
Stupid Backoff,3,150,0.25333333333333335,0.4866666666666667,0.35956099493950133
KenLM,4,150,0.25333333333333335,0.47333333333333333,0.3603726539127088
Stupid Backoff,4,150,0.24666666666666667,0.5,0.36005554697615866
KenLM,5,150,0.25333333333333335,0.48,0.3596658762848785
Stupid Backoff,5,150,0.23333333333333334,0.5,0.35289123981185144
KenLM,6,150,0.26,0.47333333333333333,0.3626182572372595
Stupid Backoff,6,150,0.23333333333333334,0.5,0.3529095548301665
KenLM,7,150,0.26,0.47333333333333333,0.3626182572372595
Stupid Backoff,7,150,0.23333333333333334,0.5,0.352930922351534
KenLM,8,150,0.26,0.47333333333333333,0.3626182572372595
Stupid Backoff,8,150,0.23333333333333334,0.5,0.35294299964622
KenLM,9,150,0.26,0.47333333333333333,0.3626182572372595
Stupid Backoff,9,150,0.23333333333333334,0.5,0.35294299964622
KenLM,10,150,0.26,0.47333333333333333,0.3626182572372595
Stupid Backoff,10,150,0.23333333333333334,0.5,0.35295617487678654
